Model,MAE,RMSE,MAPE,Forecast_Month1,Forecast_Month2,Forecast_Month3
SARIMA,19244.48534210711,19950.07041837315,20.526431983442315,46782.47918376823,40285.47052821378,72234.20323070344
Prophet,18059.429344775162,18558.519431389046,19.60461936086788,52614.95674900924,38973.01516191144,78074.89588362134
XGBoost,18274.188541666666,20720.17049438088,18.52960473270053,44273.8046875,24194.0390625,54556.79296875
